{"stats":{"minecraft:picked_up":{"minecraft:wheat":72,"waystones:warp_stone":1,"expanded_combat:broadsword_wood":2,"iceandfire:copper_ore":2,"minecraft:wooden_pickaxe":1,"gravestone:obituary":1,"minecraft:oak_trapdoor":2,"minecraft:string":3,"minecraft:red_bed":3,"minecraft:cracked_stone_bricks":3,"minecraft:cobblestone_slab":2,"minecraft:sugar_cane":1,"minecraft:chest":1,"minecraft:spruce_trapdoor":6,"minecraft:furnace":1,"nefdecomod:cage_top":2,"minecraft:stick":18,"minecraft:torch":1,"minecraft:spruce_fence":1,"ars_nouveau:blue_archwood_log":1,"minecraft:porkchop":36,"minecraft:villager_spawn_egg":1,"minecraft:stone_button":2,"minecraft:carrot":12,"spartanshields:shield_tower_stone":1,"minecraft:arrow":2,"minecraft:rotten_flesh":8,"ars_nouveau:worn_notebook":1,"minecraft:hay_block":50,"spartanshields:shield_tower_wood":3,"minecraft:iron_bars":2,"minecraft:mutton":1,"minecraft:white_wool":1,"minecraft:cobblestone":33,"minecraft:birch_log":16,"minecraft:feather":4,"minecraft:andesite":4,"minecraft:birch_planks":1,"minecraft:oak_log":10,"minecraft:cobblestone_stairs":1,"minecraft:dirt":17,"minecraft:white_banner":8,"minecraft:bone":2,"minecraft:apple":2,"minecraft:stone_bricks":4,"minecraft:mossy_stone_bricks":1,"minecraft:oak_planks":13,"minecraft:oak_slab":3,"minecraft:dandelion":1,"minecraft:gravel":3,"minecraft:sand":1,"minecraft:spider_eye":1,"minecraft:spruce_door":2,"minecraft:leather_helmet":1,"minecraft:iron_helmet":1,"minecraft:crossbow":10,"minecraft:golden_apple":1,"minecraft:bread":2,"minecraft:light_gray_carpet":1,"minecraft:coal":18},"minecraft:broken":{"expanded_combat:broadsword_wood":1,"expanded_combat:broadsword_stone":1,"minecraft:wooden_pickaxe":1},"minecraft:dropped":{"minecraft:birch_planks":1,"minecraft:crossbow":9,"minecraft:cobblestone":2,"minecraft:coal":3,"minecraft:leather_helmet":1,"minecraft:cobblestone_stairs":1,"minecraft:dirt":4,"spartanshields:shield_tower_wood":1,"expanded_combat:broadsword_stone":1,"minecraft:white_banner":8,"minecraft:string":3,"minecraft:white_wool":1,"minecraft:dandelion":1,"minecraft:oak_trapdoor":1,"minecraft:wheat":64,"minecraft:rotten_flesh":4,"minecraft:light_gray_carpet":1,"minecraft:spruce_fence":1,"minecraft:cobblestone_slab":2,"minecraft:spruce_trapdoor":3,"minecraft:andesite":1,"minecraft:spider_eye":1,"minecraft:iron_bars":2,"minecraft:arrow":2},"minecraft:killed_by":{"minecraft:pillager":2,"ars_nouveau:wilden_hunter":1,"minecraft:skeleton":6,"minecraft:vex":1},"minecraft:mined":{"extcaves:treasure_pot_long":2,"farmersdelight:rich_soil":1,"minecraft:cobblestone_stairs":1,"minecraft:spruce_trapdoor":6,"gravestone:gravestone":3,"minecraft:grass_block":9,"minecraft:spruce_fence":1,"minecraft:infested_cobblestone":3,"minecraft:spawner":2,"minecraft:large_fern":1,"minecraft:hay_block":50,"extcaves:oldstone":1,"minecraft:oak_trapdoor":2,"minecraft:furnace":1,"iceandfire:copper_ore":1,"minecraft:andesite":4,"minecraft:cobblestone_slab":2,"minecraft:iron_bars":2,"nefdecomod:cage_top":1,"minecraft:stone":22,"minecraft:oak_slab":3,"minecraft:light_gray_carpet":1,"minecraft:red_bed":1,"minecraft:dandelion":1,"extcaves:treasure_pot":3,"minecraft:chest":1,"minecraft:tall_grass":3,"minecraft:cobblestone":7,"minecraft:oak_planks":9,"minecraft:sugar_cane":1,"ars_nouveau:blue_archwood_log":1,"minecraft:birch_log":13,"minecraft:birch_leaves":11,"minecraft:grass":5,"minecraft:coal_ore":13,"minecraft:oak_log":10,"minecraft:gravel":3,"minecraft:sand":1,"minecraft:dirt":8,"minecraft:cobweb":1,"extcaves:treasure_pot_short":1,"minecraft:cracked_stone_bricks":3,"minecraft:stone_bricks":3,"minecraft:mossy_stone_bricks":1,"minecraft:oak_leaves":9},"minecraft:killed":{"minecraft:spider":1,"minecraft:skeleton":4,"minecraft:silverfish":1,"minecraft:pig":10,"minecraft:sheep":1,"minecraft:pillager":80,"minecraft:zombie":5,"alexsmobs:mungus":1,"minecraft:villager":1},"minecraft:used":{"minecraft:oak_trapdoor":3,"minecraft:chest":1,"spartanshields:shield_tower_stone":19,"minecraft:rotten_flesh":1,"minecraft:torch":49,"minecraft:dirt":13,"minecraft:carrot":18,"spartanshields:shield_tower_wood":7,"expanded_combat:broadsword_stone":250,"minecraft:stone_bricks":3,"nefdecomod:n_compass":2,"minecraft:furnace":1,"expanded_combat:broadsword_wood":47,"expanded_combat:broadsword_iron":108,"minecraft:birch_planks":5,"minecraft:oak_planks":20,"minecraft:wooden_pickaxe":76,"nefdecomod:cage_top":1,"minecraft:cracked_stone_bricks":3,"minecraft:sand":1,"minecraft:oak_slab":9,"minecraft:crafting_table":6,"minecraft:red_bed":2,"minecraft:crossbow":4,"minecraft:apple":2,"minecraft:bread":1,"minecraft:spruce_trapdoor":3,"minecraft:gravel":3,"minecraft:cooked_porkchop":8,"minecraft:porkchop":1,"minecraft:andesite":3,"minecraft:coarse_dirt":28},"minecraft:custom":{"minecraft:mob_kills":106,"minecraft:interact_with_anvil":1,"minecraft:interact_with_crafting_table":23,"minecraft:open_barrel":8,"minecraft:leave_game":5,"minecraft:time_since_death":21515,"minecraft:climb_one_cm":2036,"minecraft:sprint_one_cm":226341,"minecraft:walk_one_cm":224972,"minecraft:damage_blocked_by_shield":955,"minecraft:drop":45,"minecraft:deaths":10,"minecraft:sneak_time":7286,"minecraft:walk_under_water_one_cm":5074,"minecraft:jump":1384,"minecraft:walk_on_water_one_cm":5088,"minecraft:interact_with_furnace":5,"minecraft:play_one_minute":115733,"minecraft:sleep_in_bed":1,"minecraft:time_since_rest":6802,"minecraft:waystone_activated":4,"minecraft:damage_taken":2976,"minecraft:damage_dealt":20755,"minecraft:swim_one_cm":9487,"minecraft:fly_one_cm":301349,"minecraft:open_chest":18,"minecraft:crouch_one_cm":20171,"minecraft:interact_with_smoker":2,"minecraft:fall_one_cm":34018},"minecraft:crafted":{"minecraft:wooden_sword":1,"minecraft:oak_planks":40,"ars_nouveau:archwood_planks":4,"expanded_combat:broadsword_wood":1,"minecraft:furnace":1,"minecraft:oak_trapdoor":2,"spartanshields:shield_tower_stone":1,"expanded_combat:broadsword_stone":3,"spartanshields:shield_tower_wood":2,"minecraft:wheat":442,"minecraft:oak_slab":6,"minecraft:cooked_porkchop":21,"minecraft:crafting_table":6,"minecraft:wooden_pickaxe":2,"expanded_combat:broadsword_iron":1,"minecraft:birch_planks":52,"minecraft:bread":150,"minecraft:air":0,"minecraft:stick":12,"minecraft:stone_sword":3,"minecraft:torch":24}},"DataVersion":2586}