{"stats":{"minecraft:crafted":{"minecraft:oak_planks":16,"minecraft:birch_planks":24,"spartanshields:shield_tower_wood":1,"minecraft:crafting_table":1,"minecraft:stick":4},"minecraft:mined":{"minecraft:oak_log":4,"minecraft:sand":1,"minecraft:birch_log":6,"minecraft:birch_leaves":6,"minecraft:sugar_cane":1},"minecraft:picked_up":{"minecraft:birch_log":6,"minecraft:sand":1,"minecraft:oak_log":4,"spartanshields:shield_tower_wood":1,"minecraft:sugar_cane":1,"minecraft:oak_planks":4},"minecraft:killed_by":{"minecraft:skeleton":3},"minecraft:custom":{"minecraft:time_since_rest":1322,"minecraft:play_one_minute":10238,"minecraft:deaths":3,"minecraft:sprint_one_cm":16298,"minecraft:damage_taken":300,"minecraft:walk_one_cm":15609,"minecraft:sneak_time":20,"minecraft:walk_under_water_one_cm":849,"minecraft:jump":102,"minecraft:damage_dealt":150,"minecraft:leave_game":1,"minecraft:walk_on_water_one_cm":2281,"minecraft:time_since_death":1286,"minecraft:swim_one_cm":2413,"minecraft:interact_with_crafting_table":2,"minecraft:fall_one_cm":836,"minecraft:fly_one_cm":17469},"minecraft:used":{"minecraft:sand":1,"minecraft:crafting_table":1,"minecraft:oak_planks":4}},"DataVersion":2586}