{"stats":{"minecraft:crafted":{"minecraft:wooden_sword":1,"minecraft:oak_planks":16,"spartanshields:shield_tower_stone":1,"minecraft:crafting_table":2,"minecraft:stick":12,"minecraft:wooden_pickaxe":1,"expanded_combat:broadsword_stone":1,"minecraft:stone_sword":1,"expanded_combat:broadsword_wood":1,"minecraft:birch_planks":40,"spartanshields:shield_tower_wood":2},"minecraft:mined":{"extcaves:treasure_pot_long":2,"iceandfire:copper_ore":1,"minecraft:birch_log":10,"minecraft:andesite":2,"minecraft:birch_leaves":11,"extcaves:treasure_pot":3,"minecraft:grass_block":3,"minecraft:oak_log":4,"minecraft:dirt":3,"minecraft:sand":1,"minecraft:cobblestone":1,"extcaves:treasure_pot_short":1,"nefdecomod:cage_top":1,"minecraft:stone_bricks":2,"minecraft:stone":12,"minecraft:sugar_cane":1,"minecraft:oak_leaves":1},"minecraft:picked_up":{"minecraft:birch_log":13,"minecraft:stick":10,"nefdecomod:cage_top":1,"minecraft:feather":2,"expanded_combat:broadsword_wood":1,"iceandfire:copper_ore":1,"minecraft:andesite":2,"minecraft:sand":1,"minecraft:oak_log":4,"minecraft:carrot":7,"minecraft:spruce_door":1,"minecraft:dirt":6,"minecraft:apple":2,"minecraft:rotten_flesh":4,"minecraft:stone_bricks":2,"spartanshields:shield_tower_wood":2,"minecraft:sugar_cane":1,"minecraft:oak_planks":4,"minecraft:cobblestone":13},"minecraft:killed":{"minecraft:pillager":5,"minecraft:zombie":2,"alexsmobs:mungus":1,"minecraft:villager":1},"minecraft:killed_by":{"minecraft:skeleton":5,"minecraft:pillager":1},"minecraft:custom":{"minecraft:time_since_rest":225,"minecraft:waystone_activated":1,"minecraft:sprint_one_cm":35186,"minecraft:damage_taken":670,"minecraft:walk_one_cm":47297,"minecraft:damage_blocked_by_shield":65,"minecraft:interact_with_anvil":1,"minecraft:mob_kills":10,"minecraft:damage_dealt":1950,"minecraft:open_chest":1,"minecraft:interact_with_crafting_table":10,"minecraft:swim_one_cm":7504,"minecraft:fly_one_cm":31583,"minecraft:open_barrel":2,"minecraft:crouch_one_cm":2098,"minecraft:play_one_minute":22717,"minecraft:deaths":6,"minecraft:sneak_time":1241,"minecraft:walk_under_water_one_cm":4431,"minecraft:jump":250,"minecraft:leave_game":2,"minecraft:time_since_death":192,"minecraft:walk_on_water_one_cm":3145,"minecraft:fall_one_cm":2971},"minecraft:used":{"minecraft:apple":2,"expanded_combat:broadsword_stone":33,"minecraft:oak_planks":4,"minecraft:wooden_pickaxe":24,"minecraft:stone_bricks":1,"minecraft:rotten_flesh":1,"minecraft:dirt":6,"minecraft:sand":1,"minecraft:crafting_table":2,"minecraft:carrot":4,"minecraft:andesite":2,"expanded_combat:broadsword_wood":10,"spartanshields:shield_tower_wood":2}},"DataVersion":2586}